,A,B,C,D
2000-01-01,-0.37035772591327604,-0.25991351728102413,-0.3328596480288993,0.8980269751573207
2000-01-02,-0.34358480363141647,-0.4050636102660776,-1.9579209727711968,-0.6680643967334929
2000-01-03,-0.011391933766563167,-1.2430958104734957,-3.035940343987257,-0.005877948711317527
2000-01-04,0.9206697481294908,-0.3213135452310404,-2.7420645145212252,-0.3135374415158777
2000-01-05,1.456561074917455,-0.42113273339454743,-4.4122908544800605,-1.1507017466646006
2000-01-06,1.8431493055528585,-0.8324110335612425,-4.648252872095246,-0.49906783630568996
2000-01-07,0.0817252837235054,-1.7767828250440383,-5.454284262992341,-1.468077823370693
2000-01-08,-0.35367963162027344,-3.678943843241883,-4.348011824459242,-0.4375279126771958
2000-01-09,0.25214592948839437,-3.7268703968509547,-5.736167489329387,-0.8646269023254096
2000-01-10,-0.04043641664241715,-3.8278290379461852,-5.895873997719299,-0.7646759992901397
2000-01-11,0.9460165414900364,-4.211706853057486,-5.9332131211123365,-0.2938937978554444
2000-01-12,-0.2685006209736923,-3.6861760529486967,-4.741687788676936,0.4527012734239007
2000-01-13,0.6179502494696535,-5.06073790097125,-5.3504526552273735,1.5200362705151167
2000-01-14,1.0862228112644137,-5.787811421867547,-3.7673341321887497,0.5125779961283821
2000-01-15,0.896225607146754,-6.982939580262697,-5.503053743743699,1.034672660439044
2000-01-16,-0.8582574609217892,-7.05645228098366,-4.543913301238138,-0.6181787071373439
2000-01-17,-0.5407498104595956,-7.118568975601058,-4.636529768779105,-0.25527807959562077
2000-01-18,0.43571216098302634,-7.801458297347103,-6.235546269986019,-1.806059560818099
2000-01-19,1.4574784551352202,-8.612051326876653,-7.657134129634562,-1.5040930548283047
2000-01-20,0.17818676025512548,-11.001934466891848,-7.706048902386173,-1.2656825620276755
2000-01-21,0.762087818323063,-11.736824910978749,-7.975411638042792,-1.9523750933273396
2000-01-22,1.7834944185520234,-10.981509465780094,-8.349213863675832,-0.9775961545765895
2000-01-23,1.3792220680167986,-9.472931768200997,-8.41031661818604,-0.11193285831279964
2000-01-24,-0.1474229074497042,-10.841133977089589,-9.442542735053994,-0.7325909518814646
2000-01-25,0.24932772162026356,-12.096119705260522,-9.20501535537887,-1.6931449875827689
2000-01-26,0.6850808657065666,-11.521568582521132,-8.3452361654101,-1.8388000762973937
2000-01-27,0.625636668105382,-9.85115729459318,-10.587509155966416,-4.319150833299074
2000-01-28,1.7635936449002965,-9.437652251766886,-11.13856546011529,-5.161763332626352
2000-01-29,0.8511676826828065,-8.904697815054229,-10.97339011936301,-3.537428966212013
2000-01-30,0.9838344816441005,-10.51781643082367,-10.57343436332626,-3.036645748688451
2000-01-31,1.6931602840731261,-12.762797533749085,-9.733683772548378,-1.6329121592819953
2000-02-01,1.569855411725482,-10.710374344743842,-10.557117199377114,-0.20004752935930736
2000-02-02,1.7601337811237985,-10.498275339636338,-11.913274104680402,0.7478899032727774
2000-02-03,2.864853017367371,-10.341470340065943,-12.05514204915881,0.8629206236281585
2000-02-04,2.068135973644614,-11.401495705281192,-12.718197107035097,0.16415566431507
2000-02-05,2.255136514397454,-13.136199169727309,-11.204940002295446,-0.4095023947693117
2000-02-06,1.1730778465327567,-15.033838577231318,-10.509746403627437,0.5225642947655772
2000-02-07,0.8524435441796969,-14.9723063415952,-11.313104921027142,1.5774969936380612
2000-02-08,2.189982053858224,-15.007579504363953,-10.500191265253225,1.5056703238958606
2000-02-09,1.6818622660443583,-15.311384173442598,-9.286123450742041,2.727181805127004
2000-02-10,2.649511648426995,-15.796822680708688,-7.166343610925594,3.527702614621266
2000-02-11,2.1741282659653915,-14.228002091266818,-7.148889699052579,3.554609593325347
2000-02-12,2.1020241230657573,-13.237610681984487,-6.226632902301592,3.251237250916398
2000-02-13,3.0338270855183413,-11.466622050276065,-6.474274152944805,4.217818648786045
2000-02-14,3.0965471982039676,-11.59336128879438,-6.797173065653426,4.90326639343518
2000-02-15,4.115496925494118,-10.670881962018305,-5.544933596988118,5.600433675550647
2000-02-16,4.837752554551281,-10.520754120428734,-5.319640801351308,5.100191910445185
2000-02-17,5.5253277825020435,-11.269129847839743,-6.455576911808983,5.986486401027939
2000-02-18,3.635253352467619,-12.086509244380801,-7.158049038789699,4.412020582790219
2000-02-19,4.7192316729926045,-11.074480819313383,-7.508488858221467,3.136746484905443
2000-02-20,5.6350755092167075,-12.005247963728186,-8.605510787661808,4.882986498555638
2000-02-21,5.607956780568161,-11.488379178194585,-8.524364663647487,5.964669880740201
2000-02-22,6.853593632794626,-10.10002092062153,-7.413581535069543,5.802985795449617
2000-02-23,5.929259046862918,-9.961461139583719,-7.4533716269381625,5.895902632156925
2000-02-24,5.508780954022512,-10.534693197238575,-9.210709871226456,5.807419635892467
2000-02-25,7.184225171630332,-10.730938062786723,-9.069068818607954,7.53898901092349
2000-02-26,7.0983393894989195,-11.758161025236104,-9.714821403072436,8.083786778218387
2000-02-27,7.726210488626559,-10.405430298980662,-9.24845219557034,8.935500861465691
2000-02-28,9.977424558435285,-9.79434843094641,-10.209795115324624,11.050484717042242
2000-02-29,9.219821503565587,-8.966809530129789,-10.429777959536164,10.638384774708259
2000-03-01,9.401630290241167,-8.941527622165948,-9.495779482824494,9.574974288881284
2000-03-02,8.595087084611352,-8.258179804875182,-10.093725943111377,9.57739450793248
2000-03-03,6.000414840474965,-8.65800518921018,-10.409749600156353,8.787415925335292
2000-03-04,5.29155109901025,-8.437470972067361,-10.704461397564932,7.886815411980433
2000-03-05,6.368008444120115,-9.070470513813397,-10.484269520557591,8.289991283489261
2000-03-06,5.146817451035754,-8.921507581121979,-10.872243433951708,7.89323676122816
2000-03-07,5.21090386645399,-8.48386499194462,-11.187037464936632,7.417932335697659
2000-03-08,4.342682275003411,-7.066351006075373,-11.80523860366206,5.445275509435051
2000-03-09,2.9392471550995767,-6.7260501212249775,-12.909595960654213,4.363912055541503
2000-03-10,3.7315096113534207,-7.799409649261325,-14.090792051420344,4.013705424063568
2000-03-11,3.5939003270872694,-8.930464892193472,-13.215628012133951,5.035059650157477
2000-03-12,2.824876481983496,-8.513509205603746,-14.511900065309689,5.577150831752686
2000-03-13,2.993535742748303,-9.532082136572235,-14.380801767874281,4.5282296410218965
2000-03-14,2.6951920783503787,-9.623393200552913,-14.736524195697685,4.8211021391099225
2000-03-15,2.93830400706716,-11.824062321832471,-14.214061134969992,5.101139043095726
2000-03-16,1.6660565129568805,-9.937387418979085,-12.61894017720945,4.864625601957493
2000-03-17,0.04213376420459314,-10.342973526314992,-12.363804347019101,4.401946178609484
2000-03-18,0.15447541637023404,-11.324144513233637,-13.579925974059766,5.178850336029023
2000-03-19,-1.3819799161796011,-12.556434109239929,-14.729102223010655,7.407773875221563
2000-03-20,-1.0679003082915695,-12.408800599402657,-15.793413600565128,6.963478433438332
2000-03-21,-2.688527892469507,-10.924412968827546,-16.56412281464665,7.489620220008972
2000-03-22,-1.5548108698712924,-10.302638192580229,-16.728715807664397,8.8665286751372
2000-03-23,-0.19728197826294624,-11.480367377603676,-16.155195715211594,10.965236157588807
2000-03-24,-1.1085283709612725,-11.661676511669699,-17.28910070171272,11.516625620867595
2000-03-25,-0.22404698966677838,-11.000378329257922,-19.992634288648023,9.083763439498215
2000-03-26,0.05475725060795272,-11.713440835839393,-19.915170888161057,9.436312040409744
2000-03-27,0.4876974084883331,-11.394185796671124,-19.956420700741376,9.761612201297153
2000-03-28,-0.1822631055241395,-11.409944032702334,-20.02073628328455,9.31396198208149
2000-03-29,-1.9743714138442272,-9.614695718575845,-20.19014799967167,8.35423300075719
2000-03-30,-4.150885293570153,-9.452169559890198,-18.928815940252797,6.475723096614825
2000-03-31,-3.330905626646482,-9.597005862656385,-19.358308011011143,6.837097234429121
2000-04-01,-4.182523266009155,-10.032517819075673,-19.344113787088503,7.621200856915411
2000-04-02,-4.232409473709297,-11.017570552618068,-19.394067288783337,7.755574052345487
2000-04-03,-4.176287615315973,-10.246529403146235,-19.847062427076807,8.90827227912848
2000-04-04,-4.86584794855688,-11.808741126993217,-21.648422130828763,9.931019586933285
2000-04-05,-5.57378334931076,-11.727108127213778,-22.52034129126599,9.709969926600992
2000-04-06,-6.209414237507597,-11.47172265113072,-22.413635451619502,8.615108511719859
2000-04-07,-5.2954479036008095,-10.524153080655454,-22.55932549250402,8.324885134626863
2000-04-08,-4.63476239185844,-9.543813964167205,-19.532328007085965,9.665873011866585
2000-04-09,-4.366853499802974,-8.927698247609898,-19.262147241589226,9.711517328080603
2000-04-10,-5.185580307423611,-9.31562005355417,-18.553386784084054,10.39579903924042
2000-04-11,-5.247029824474444,-8.834032366900844,-19.454244694042337,12.923072298248618
2000-04-12,-4.742530503062388,-8.312153763303197,-21.395856921115108,13.32466456079555
2000-04-13,-6.700973457106001,-9.26921430979303,-20.74426060102066,12.061683503479216
2000-04-14,-6.417006212445879,-9.491906303732213,-21.751370188139497,12.954136975760033
2000-04-15,-8.276988634478085,-9.065874141409763,-21.41953187575165,14.221395316568575
2000-04-16,-8.003330300561792,-8.436403945262926,-19.115518638625996,14.24050537470345
2000-04-17,-7.942806020979993,-7.781951762295435,-19.152790304313868,13.937093551445448
2000-04-18,-7.730169742393992,-7.867411697116698,-17.607255267496,14.333274547884104
2000-04-19,-6.884974321278015,-5.718699959236798,-18.837438731215407,13.874309339094756
2000-04-20,-5.682297261152361,-3.932677343869503,-19.68550992950457,15.062342122676458
2000-04-21,-6.3321018057641645,-5.908493099187157,-19.077549026206896,15.21723163324074
2000-04-22,-6.015928948207028,-6.448465207530256,-19.08303536949407,14.822545758648532
2000-04-23,-5.804864545491556,-7.7358805250444185,-18.42080728587675,15.881507551071936
2000-04-24,-6.969022705241295,-7.407418167344156,-18.399964605877756,14.819768251056955
2000-04-25,-8.10741547784236,-7.215357319761141,-19.134094188690558,15.090362213480905
2000-04-26,-8.363433201971164,-6.71067689685229,-18.789104936167035,16.21103279478725
2000-04-27,-8.62674647908577,-7.474013573727459,-18.173870574473586,16.51115882370382
2000-04-28,-8.457960969645159,-9.220973395969487,-16.874289636914888,16.21807684943059
2000-04-29,-8.373119190395277,-7.744990673230444,-18.120853620790516,15.483504982922264
2000-04-30,-8.268491391381147,-7.557240246907269,-18.20378492811694,15.106805258859582
2000-05-01,-8.067210301067037,-7.59645745128826,-18.387798810937944,15.36237555321724
2000-05-02,-7.353996502040468,-6.674954262524111,-18.034719577285415,15.787761181693101
2000-05-03,-6.696842096830628,-8.997046449979116,-19.047724300759384,15.077572633978715
2000-05-04,-7.462992370101698,-10.6030083588247,-18.80988452117839,13.139280448618758
2000-05-05,-7.058963172335555,-11.910554301768817,-22.11409488008577,14.090071794908788
2000-05-06,-5.597503881208421,-12.395100856197212,-22.430574846955384,14.829826257429382
2000-05-07,-4.5373837941878055,-10.455302905533982,-23.306276268274587,16.702124045230466
2000-05-08,-7.157269662494125,-11.05046534959238,-22.297586491997716,16.836255406292626
2000-05-09,-7.262552744364486,-11.040166572163814,-23.21186734940628,16.378929366367295
2000-05-10,-7.299486943953968,-11.284945685662134,-23.24875779517425,18.55473060895599
2000-05-11,-5.865450945257455,-11.013227486175458,-22.830565072922397,17.237718926813653
2000-05-12,-6.321481583563429,-11.099616009864507,-24.175416020111847,17.43844585310828
2000-05-13,-4.961386807873521,-12.615581829256348,-22.0855792274168,15.673829313150087
2000-05-14,-4.957321748151844,-11.936145203041253,-22.54008822728476,15.060398273938272
2000-05-15,-5.307328408171017,-11.742547576554205,-22.465049391256404,15.854591535761832
2000-05-16,-6.186088219745025,-12.110482984327506,-22.732377064807064,15.573337907024833
2000-05-17,-6.525963054873219,-12.420376329069033,-22.709951871336585,15.767240343555729
2000-05-18,-8.539819440851353,-11.987591460523285,-24.150229676493453,16.837123543016176
2000-05-19,-9.12571439019416,-11.601291153114227,-24.251014488143078,16.869631716974016
2000-05-20,-9.895360312753528,-11.888774945085984,-21.84380044729824,17.0516076833906
2000-05-21,-8.595502537258009,-12.096662054112304,-21.72840089883598,15.923485745362903
2000-05-22,-6.8949008745066624,-11.778843360003735,-21.182192998875053,15.622248143166988
2000-05-23,-7.360425475297955,-11.790636764659764,-19.96675200269027,18.23917010916631
2000-05-24,-7.65103118235158,-10.851030258021318,-19.66355145029364,19.084078597146828
2000-05-25,-7.4512383177539805,-13.068021898196665,-19.27640236797016,19.301755086488203
2000-05-26,-8.041092176736104,-13.199807264190866,-18.106345747387973,20.911385829449394
2000-05-27,-7.114745589325961,-12.885418407721273,-17.453857390974093,20.614643407340292
2000-05-28,-6.628115342674376,-13.17859379795497,-16.608290216445045,20.893196339703728
2000-05-29,-6.462075063497061,-13.776846421088946,-17.294748121483938,21.549617319572054
2000-05-30,-5.944220334134253,-15.299880760856553,-17.254522770046563,20.21312870606464
2000-05-31,-7.163809776485003,-15.663729232374395,-17.323766968335736,21.83620044862899
2000-06-01,-7.98375872105995,-15.346667140424342,-16.753328768130043,22.30433850769448
2000-06-02,-8.207167180667645,-15.108587144752367,-17.142033757907527,22.276733790690425
2000-06-03,-8.930107046150772,-14.799402443080032,-17.666969695104584,20.797723372379536
2000-06-04,-8.562154332520235,-15.161940449032551,-18.967422123454064,20.396924194297345
2000-06-05,-8.633418309832969,-16.18013770013913,-18.771071375251164,20.497853551388168
2000-06-06,-9.87927630436306,-15.32535715643132,-17.353344753988644,22.301498728797448
2000-06-07,-9.375504966245177,-15.323400802996353,-18.65693863830932,23.349617416935722
2000-06-08,-9.514200730845301,-14.935144285114381,-19.232619874255175,22.306067932138514
2000-06-09,-9.87840668437054,-15.364002213585033,-20.175283385063604,23.423323800222892
2000-06-10,-9.440411431350144,-15.533029850816666,-20.23033765418859,22.99566179788153
2000-06-11,-9.328590309233164,-15.301369131166808,-20.3806961898606,21.047701470017394
2000-06-12,-9.945061973430828,-14.945326455968983,-19.42875528074846,23.349561645347674
2000-06-13,-8.56314949944997,-16.882542994416802,-20.59636521772298,23.00496117232874
2000-06-14,-9.974179370255062,-16.68367253757037,-19.27980636306979,22.68956158034542
2000-06-15,-9.554929603438646,-18.303564739884223,-19.300955820205864,21.64941876684724
2000-06-16,-10.064670054638388,-18.430083010363287,-18.700287275239038,21.432838582351227
2000-06-17,-10.237457729965987,-18.763374099454072,-19.141981646365064,21.938298724759708
2000-06-18,-9.472487677466969,-19.125031250215216,-18.96587225139284,23.964849886726547
2000-06-19,-9.317286583814996,-18.18287470515765,-19.8107177597036,24.24393851457107
2000-06-20,-9.941657353840217,-19.828840986416367,-18.706459969841077,24.4353095640926
2000-06-21,-10.304691177126498,-19.42266530718602,-19.838202275374424,25.306525200761445
2000-06-22,-11.266979128373594,-19.901119125148142,-19.259705303753712,26.98241576970968
2000-06-23,-9.964686111054222,-18.526687460011928,-19.051024700577496,25.90902795747199
2000-06-24,-10.179626840237368,-18.087833048821313,-18.74515388928171,25.795073440206906
2000-06-25,-11.309911295861445,-18.798850498169852,-19.373112633343258,24.885730816675817
2000-06-26,-11.599914366838263,-19.250892751796215,-18.684559755957704,25.362051170948227
2000-06-27,-12.760996294058632,-18.57205453194405,-18.39849526095031,26.759900635656763
2000-06-28,-12.746453435769332,-17.289754966118075,-17.535559679684976,26.336338482362525
2000-06-29,-13.241268395998217,-15.504177660853923,-17.682565385091998,23.867358436870447
2000-06-30,-14.796773495325034,-17.57405920101302,-17.50700018399658,24.071202675282546
2000-07-01,-14.377049433320515,-18.936573819913548,-18.751258203157864,23.10849020462718
2000-07-02,-14.32215587229407,-18.442964578883984,-18.501226265448608,23.289595933607668
2000-07-03,-14.906955343928521,-19.771431490161806,-17.26667341858151,24.86994455170118
2000-07-04,-16.278063955185,-19.737271165834148,-17.85004332628048,23.912466346681995
2000-07-05,-17.485582468199215,-19.391137801973738,-19.79463504921454,24.317588593173838
2000-07-06,-18.21479858674547,-17.99969868932533,-19.688116789884926,25.236860048407117
2000-07-07,-18.783803343604905,-16.892142095145502,-19.983845548371814,25.48775631372785
2000-07-08,-18.023275036967494,-17.33586180436652,-22.04540880019597,26.336754831171
2000-07-09,-17.359621192385287,-16.225372782037432,-20.36070838646716,26.7576217277089
2000-07-10,-17.876057021925988,-15.151008607082792,-20.181526800728268,24.222535024995867
2000-07-11,-18.992812456471857,-14.84169487050373,-19.556793159970976,25.063039200312627
2000-07-12,-17.53212913041482,-13.478419195340948,-19.52602299128149,24.481164860735916
2000-07-13,-17.318956616324535,-12.200547429589442,-18.13811379741757,23.237435653451932
2000-07-14,-16.726643104487472,-11.454204500148707,-17.698499911474077,22.873818178247312
2000-07-15,-16.31738953017112,-11.019277286871162,-17.819039146918037,22.873004914539596
2000-07-16,-16.52068352762646,-10.572945948033134,-16.875035985543708,21.06527089260161
2000-07-17,-16.413856404654293,-10.966143579641086,-17.50621316136767,19.914608748346033
2000-07-18,-14.602675516650734,-9.58909780042085,-17.259621643528153,19.34980958110649
2000-07-19,-13.673045368971668,-11.066297227578984,-18.000752908016285,18.854204620966826
2000-07-20,-12.286082385294463,-9.907814713847271,-19.314056056677558,18.032320891195237
2000-07-21,-12.468965908646467,-7.777994845334866,-20.238497160961636,18.333882850959576
2000-07-22,-12.12093726867551,-6.856278097776453,-20.411765785500823,18.666633784822935
2000-07-23,-10.842567217607368,-5.572705205637041,-20.70299787145133,19.2975225398163
2000-07-24,-12.03417558122493,-4.492975829610994,-21.644123344601503,19.603753068932086
2000-07-25,-11.328682787507358,-3.766199091659541,-22.55966797777652,20.449784498702595
2000-07-26,-12.003635352926475,-3.0171484927009833,-22.288445436109832,20.344972010042948
2000-07-27,-12.902263286655463,-2.5764144032797054,-23.292411419506635,20.916709690722442
2000-07-28,-12.968250503755552,-2.977409763644797,-22.12936569738534,22.733367487902946
2000-07-29,-11.760645432111664,-3.00251255325835,-20.818629944509105,22.81463964794669
2000-07-30,-12.628781388053048,-3.954550676259322,-20.28754244989906,23.066026457324362
2000-07-31,-13.062222543511714,-5.470523551455891,-19.53096054272421,25.282979972039435
2000-08-01,-14.682135210425406,-3.215565909786632,-18.907122394104544,27.04979720854085
2000-08-02,-14.532724176366798,-6.178868992535005,-19.38847384290055,27.607889637848224
2000-08-03,-14.815843596608897,-7.2904472798221995,-20.02965214559869,26.309891270993557
2000-08-04,-13.28843369584916,-6.607610672061922,-21.05248802997082,24.995624419232993
2000-08-05,-12.990751055056467,-5.047401739206886,-21.588006344048612,23.539160552422995
2000-08-06,-11.297198960825225,-4.826980655276967,-21.142958195405992,23.652271131397004
2000-08-07,-11.988596121875672,-5.99136634660408,-21.40579084303725,23.32591307584726
2000-08-08,-12.397144888519835,-7.9344110674530555,-20.221888082216168,24.35784783189021
2000-08-09,-12.974827452629262,-8.909437460856456,-19.623650177130052,25.347181573387772
2000-08-10,-14.120720817199826,-7.250765467772765,-18.615274358574737,24.753059811485784
2000-08-11,-12.705249063103691,-7.109186960571967,-19.91779844072302,24.026625027154328
2000-08-12,-12.27444501827124,-6.430205399402861,-18.765407913159958,24.463138223650418
2000-08-13,-13.747225218216439,-6.239357034145906,-17.128632608761446,25.632327862751392
2000-08-14,-13.832510584934463,-5.826464564548772,-16.998877033723904,25.126537641698807
2000-08-15,-13.603626550996493,-5.370775519483556,-18.27844519289707,25.784716565978968
2000-08-16,-13.893691712729217,-5.080343182908719,-18.06258639165653,27.407711056444526
2000-08-17,-12.402835795138035,-3.8184196415019738,-17.73953329506956,28.689623353603928
2000-08-18,-12.701151216407233,-2.780246758281912,-18.504456975958472,29.268763550125612
2000-08-19,-12.815363148351564,-1.8247258829762028,-16.552504423947966,30.57683753779682
2000-08-20,-12.868874104698795,-2.040481680472546,-16.106912946033226,31.46823728570361
2000-08-21,-13.598892946159886,-1.5924741047018571,-15.589472946392432,31.444327782598187
2000-08-22,-13.788699561496434,-0.595634629467188,-15.629563973570813,30.98698870548333
2000-08-23,-12.738832353878923,-0.06961531334299897,-14.905989309421456,32.776466379825166
2000-08-24,-13.965574841390444,-2.837140202551434,-12.95898404297545,34.0173365412103
2000-08-25,-12.545099773668136,-1.8942949128909006,-13.954302812334088,34.45373340401773
2000-08-26,-10.886785561459766,-2.566756212903077,-15.668020128892664,34.629549755407034
2000-08-27,-12.82995850366159,-3.83162717814018,-16.009270920068918,34.76876800511636
2000-08-28,-13.07852978441499,-3.855950309862371,-14.673936078312948,35.010471811585674
2000-08-29,-13.177221225190522,-3.4971636238317525,-14.836051640067002,35.71185123093822
2000-08-30,-14.170079558707828,-4.228584537799819,-15.34821825662142,36.65766329203994
2000-08-31,-14.959642195091995,-4.28231160867414,-15.989423523680717,36.970150796459805
2000-09-01,-13.215582309924683,-5.143911668620293,-17.261696609180536,36.121475020470285
2000-09-02,-12.848507154084308,-5.067742720720721,-17.181137591260445,37.10460470333248
2000-09-03,-14.870981884076166,-4.166793135172877,-18.44678067749177,37.13502686471663
2000-09-04,-13.113137178931762,-5.626452491959471,-17.228648661520428,36.77325240913865
2000-09-05,-12.685710516954,-7.651467094479982,-18.363235644678234,36.63142885552609
2000-09-06,-12.75588420174616,-7.196343520246064,-17.105980924622074,36.31644045797075
2000-09-07,-12.160238786827149,-6.736446914342719,-16.260391457909744,36.87679160704568
2000-09-08,-9.645333676025695,-5.053431818401662,-15.164881763856254,37.998802283555726
2000-09-09,-10.3883454728524,-2.443379190580754,-16.299559788992692,40.20095381838694
2000-09-10,-10.191416129657416,-5.907737166623525,-15.088182594732647,41.77429667032024
2000-09-11,-10.706830321378899,-4.716712868313145,-13.704762872526729,40.71188244841506
2000-09-12,-11.717888702357651,-4.698508062894625,-14.267050294799832,40.97354611713962
2000-09-13,-12.704119808057454,-4.452821062860257,-15.015390720606163,41.6761700387698
2000-09-14,-13.220028852021583,-4.919508939999082,-12.981749445398258,42.62121456805915
2000-09-15,-11.42628321079166,-5.746304474939007,-13.773071701312986,41.78411516850319
2000-09-16,-10.224748041722288,-5.150869691871357,-14.444458968556201,43.344343877381704
2000-09-17,-11.87230540086047,-4.599629009289657,-14.633228417256221,43.36200359413394
2000-09-18,-12.440026435094552,-6.179065652905068,-14.253055118052977,43.22327914509175
2000-09-19,-11.088031798959099,-6.041849970445488,-12.325026023099817,43.00860600293342
2000-09-20,-12.852348246751385,-7.375919028604754,-11.008897368270722,43.82228101245216
2000-09-21,-14.143055934472745,-6.126974272825592,-10.057755319625505,45.386757868625715
2000-09-22,-14.369609866721492,-4.598586689780879,-11.401718453644918,46.4354263699129
2000-09-23,-14.320576955680272,-4.2182429113781295,-12.14955418227146,47.7818377286298
2000-09-24,-16.400861495743168,-3.3298488325665963,-11.789877123574797,47.61264594830949
2000-09-25,-16.86167597593362,-4.85656064540283,-12.607067942748635,48.463266451084266
2000-09-26,-17.29082938764987,-3.6483962064786715,-12.066956632839254,48.57245586711126
2000-09-27,-17.44080670765292,-3.631861814134545,-13.230098659834534,47.8964056614147
2000-09-28,-16.089675190989176,-4.254440189985363,-14.446389113026878,49.31683790188556
2000-09-29,-15.309155273928049,-5.627413847534383,-14.469970761068772,47.27686710220371
2000-09-30,-13.442702547082456,-6.028271078936175,-12.781953581265174,47.03469146376719
2000-10-01,-13.870338894623405,-5.335963757541657,-12.850488073758047,48.243339104326466
2000-10-02,-13.23873226465236,-5.235185218231928,-13.518021426809767,46.846400476051365
2000-10-03,-12.66463708581273,-5.508592294759554,-11.890922226060491,46.34157198592152
2000-10-04,-13.43663159201451,-6.648451981907521,-12.862437866293646,45.98694334380197
2000-10-05,-15.073736698400566,-7.258956810062839,-14.658080976932181,47.017164075057
2000-10-06,-15.078938604032972,-7.15150058995043,-15.046567050610877,47.9444845943981
2000-10-07,-14.833686479331654,-6.60046594874598,-16.443945929137058,47.76447203031181
2000-10-08,-17.152769399390603,-6.08739121290193,-15.405233557304095,48.96551609994795
2000-10-09,-15.57701852398985,-3.8910237185408185,-16.81495557506044,48.32531253715221
2000-10-10,-13.961559428649569,-3.7199040622569526,-17.65865417343461,48.18661011355361
2000-10-11,-12.048171496395373,-4.633921427405424,-17.23290192909604,48.76405803422425
2000-10-12,-12.200996261186976,-4.899256057965431,-17.87396058081255,48.24376545357238
2000-10-13,-11.715416128895885,-4.718530297139665,-16.645449886338074,48.03623070337806
2000-10-14,-11.79450638051412,-2.159738860085209,-16.212092949355245,47.61160706299903
2000-10-15,-11.599423244909543,-2.5131103165894877,-17.277114890593957,49.42747012978331
2000-10-16,-10.582414964800087,-1.0428841785202212,-16.668093443231285,46.58442691264448
2000-10-17,-11.148433279969431,-1.1731693313625666,-16.802833200555497,47.25117057431089
2000-10-18,-11.711097119804132,-1.0009177728096879,-17.27901272298295,46.446435963477285
2000-10-19,-11.027345477026895,-2.28766024282509,-17.038695070067728,44.74072974353558
2000-10-20,-11.57621296609533,-1.2269247046815344,-15.461151565115761,45.845783325223984
2000-10-21,-10.513619387567926,-1.6240620012519507,-17.083478225211945,46.293480614732246
2000-10-22,-9.083151472125175,-1.5024295814085191,-16.015172054221924,44.66958769324589
2000-10-23,-8.960400970716544,-1.374540291104177,-15.844169161054685,44.12366097247892
2000-10-24,-9.331554994181737,-3.3848134449406455,-16.18956666462131,42.195422865632246
2000-10-25,-9.259718887053875,-4.4632983377587605,-15.433533688034208,43.70036413332479
2000-10-26,-10.687102586448992,-2.72483101630907,-14.866919846637957,42.404657375499234
2000-10-27,-8.250418274731903,-2.2251058395824277,-14.95243205810615,41.8171187153456
2000-10-28,-7.489586126442666,-3.885415845763009,-15.299874775121193,41.94597393604764
2000-10-29,-7.343270228988949,-5.037497858344864,-16.106312406025587,40.42870367304632
2000-10-30,-7.980183490028609,-5.123091892444693,-13.999765174081448,40.01320927184815
2000-10-31,-7.1113963103716955,-3.0574942093891937,-12.594736491964092,41.26931782501248
2000-11-01,-7.701137501592341,-2.906106798699861,-11.40669139523079,40.71141144690784
2000-11-02,-5.250630969334802,-2.25958226745828,-11.821225443009885,40.77510107855278
2000-11-03,-3.3976874726651385,-3.312857808978051,-12.018802325620278,40.52407066008764
2000-11-04,-2.849284022377004,-3.762893442149059,-10.369441833922988,40.722085848794315
2000-11-05,-3.13770253221775,-5.55054204982706,-10.070947773675403,41.9764584225216
2000-11-06,-2.162787076184981,-5.371539882664374,-9.750427627199088,42.67628783622138
2000-11-07,-2.5754332116215095,-4.707006879893282,-7.551335102988119,42.12160708913788
2000-11-08,-1.3874276132423504,-3.3815809887618933,-7.525061874005366,41.807862342885485
2000-11-09,0.1937829780419631,-3.8985810379521193,-6.212049840887087,40.673741876296994
2000-11-10,1.1836087726091875,-2.5855947407330016,-6.162354698276223,39.84064839004399
2000-11-11,1.7292941546975817,-1.5751980019407377,-7.37176443179405,39.55654303613117
2000-11-12,1.8730584069973315,-1.860506744600221,-8.221913241959905,40.06827275315627
2000-11-13,2.2762126836600505,-0.973954516708139,-7.250865076982436,40.86426044629452
2000-11-14,2.519695588075244,-0.48402413053163096,-6.201416829252403,40.29538974998593
2000-11-15,3.774318642156659,-0.11724048555683048,-8.039272124613266,39.213353939856766
2000-11-16,0.20094689188484782,-0.39594033581474314,-9.16738621162201,38.21803705668195
2000-11-17,0.9735518411271091,-1.004879730918629,-8.982100175447275,38.326627803324904
2000-11-18,0.49623541613583283,-0.3603211540388217,-8.3920287385907,38.04795362056135
2000-11-19,0.42542765380217845,-0.029181270808542215,-7.7244644222467915,37.661428454692256
2000-11-20,-0.3795081751203618,0.7158573721001984,-9.332137519347812,36.9185132144264
2000-11-21,0.3061133870522595,2.1594723165249974,-9.079856114516875,36.59915680631567
2000-11-22,-1.2554392135614916,2.9115823569677857,-8.037109826273861,35.058983145249414
2000-11-23,0.2147189686649391,1.1897578708495515,-7.914139751941852,36.563719095547626
2000-11-24,0.11021917084304375,1.3378892626528804,-7.308083928695471,36.80856838535243
2000-11-25,1.6145420623990665,1.8935077002036924,-7.858297365521432,36.26659564082101
2000-11-26,2.3611697389378397,3.1108143529582275,-6.837035283706698,36.043215863540745
2000-11-27,2.328763043717094,1.7415986953819813,-5.9908815032115355,35.93728232455749
2000-11-28,1.3296487691116772,2.2882996556961177,-5.293730501988211,36.59724603770412
2000-11-29,1.6245799294932057,2.242373734744457,-5.740348044648637,35.51460077438711
2000-11-30,2.454165424949827,2.4057634827917433,-6.458889113588115,35.036596201133555
2000-12-01,1.0365455351973574,3.188801620349583,-5.701447482375942,36.0436842393395
2000-12-02,0.6257078593768177,3.1102189906714917,-6.3259633235694865,37.477715746024366
2000-12-03,1.6843018696368344,4.789977512885542,-9.45398835839427,36.69484048220108
2000-12-04,1.8617534824839426,4.958644942285866,-9.445287238618384,37.09057405546676
2000-12-05,1.4223195661624417,4.321079758910323,-8.646099424208746,35.23077747587516
2000-12-06,1.4212439275836979,4.923845172193883,-7.507860169975308,35.86324177087988
2000-12-07,1.862288787625037,5.173540167884189,-7.638218025952748,38.10081087409891
2000-12-08,1.1943218048249893,4.854220133065618,-8.742608062404408,38.24950073868024
2000-12-09,1.4148461884137649,6.078274327294462,-6.743087081459821,39.04383652653677
2000-12-10,1.0616064121074804,6.461024943603274,-6.192961588457413,38.83612609585238
2000-12-11,0.3159195690439043,5.180275908303684,-5.512922467229053,39.034318594050845
2000-12-12,-0.5785649218519071,4.038755692554885,-5.860625798421586,39.04451711951748
2000-12-13,-0.6704335727693863,3.6720904261045777,-6.272170245260887,39.84715619590312
2000-12-14,-0.8365431085594659,5.94704639089945,-7.376095719204084,41.33232563479509
2000-12-15,-0.8765570237969437,5.037631977165075,-7.409094461636383,41.23123807538986
2000-12-16,-1.4036977023291584,5.882006034617415,-9.054295735398922,41.04168281815735
2000-12-17,-1.8099393464484304,4.286330697820395,-8.946417338714701,41.47842758231678
2000-12-18,0.3537520099927409,5.369841426098141,-9.576949484894415,41.495137984320145
2000-12-19,1.0950933545916717,5.9842011279061404,-9.354075393970051,39.85652080501026
2000-12-20,0.2513076487257072,8.151142806382403,-8.187945770533789,40.01448770274072
2000-12-21,0.29620612719636785,7.50171218563708,-8.092780320660557,39.11982431491489
2000-12-22,2.015668226828603,9.322335230331625,-6.681608827193967,38.514426056785986
2000-12-23,3.813638455858876,9.625351866954427,-6.766236036740689,40.46298710817382
2000-12-24,3.782969013354886,9.077426663696214,-7.940002989253969,41.485681222023786
2000-12-25,4.746121812267215,9.900697236680571,-8.335314877394296,41.29178774656094
2000-12-26,4.990214567408356,10.032548745803185,-8.791092940117773,40.79855447024657
2000-12-27,6.591930544263155,10.66194499142499,-8.802381191498437,40.08095139323849
2000-12-28,7.046933580005033,12.375065886755136,-10.733519169570817,39.65763998881655
2000-12-29,7.366451775719349,13.403765919445636,-10.609322111040205,39.58287593320811
2000-12-30,5.491328877080896,13.023242700081688,-9.907970424129159,39.40480567098582
2000-12-31,3.014375952162179,13.382703778010528,-7.931437194571231,38.663736869772535
2001-01-01,1.041245757118417,13.026144623665711,-7.780379790313271,37.662187996607635
2001-01-02,3.2995200366525435,14.228363752858296,-7.209188138193064,39.264415682749565
2001-01-03,3.9705332953623764,16.777619842565418,-7.860783938884855,38.68022191729952
2001-01-04,3.9645811613297126,15.562948407934742,-6.082616331094451,37.803901861764636
2001-01-05,4.780912337846547,15.685335655570643,-6.792821909019656,39.023170298792806
2001-01-06,3.258679885258922,14.044550939614094,-7.970515500414885,39.86705654643994
2001-01-07,3.7107993163093305,15.105344175946986,-8.30922597690043,39.6585434915779
2001-01-08,2.276157742228283,16.31158288804707,-6.434149009548831,40.18150311507929
2001-01-09,1.495745589109161,15.137513792056978,-5.467998464452072,40.076126870050565
2001-01-10,0.35512710408672743,15.275769015824899,-4.785167235301115,38.42272542058104
2001-01-11,-0.04401438010906056,15.011328261585884,-5.099528520367086,37.91959442827378
2001-01-12,-0.07413332401965843,15.394266227717077,-7.019145212606216,39.294660816536314
2001-01-13,-0.9732137769037962,17.035164569411798,-7.2941005911931,39.172823868753895
2001-01-14,-0.8818858460141814,17.95018595022926,-6.022725385038047,39.45185904973041
2001-01-15,-1.6652813663999206,16.909967548205607,-7.605270889956442,37.82031308904835
2001-01-16,-2.2448291133470994,15.375749419252697,-7.652980169968748,36.838060212863006
2001-01-17,-4.315316512217361,16.378412392875042,-6.825874171570065,37.66514988799374
2001-01-18,-2.3083645551317185,16.2520819695891,-6.290855096686762,37.641716121861165
2001-01-19,-1.881549124159835,15.18435545407851,-4.53118173975772,36.42690502554115
2001-01-20,-1.1668540733981478,14.0278915392419,-4.364853073173113,35.179167746399656
2001-01-21,-0.3633286769569303,13.372874896452178,-5.745872441488245,35.0623775639025
2001-01-22,-0.8447735354209986,15.17634517739204,-4.868901989921017,35.83210244370274
2001-01-23,-2.5801677783423544,14.749700542043396,-4.824841218519911,37.33975827299697
2001-01-24,-4.542760415487809,15.033116729622297,-4.365012284553189,37.75167147582028
2001-01-25,-5.019035977761913,14.478362970960537,-6.354920437607166,38.3827320421754
2001-01-26,-5.371472521386174,15.312627334850426,-6.698355186683441,39.441815689661325
2001-01-27,-2.6222310759514085,13.826310637494652,-6.711369157244784,39.896024628584215
2001-01-28,-1.678605937863169,13.267186210149944,-7.731777248263012,38.123664544713925
2001-01-29,-0.4407331661455449,13.716617410972614,-7.562465382457366,38.982988249443075
2001-01-30,0.5230055312764978,13.837520847678803,-8.386997232819537,37.835268166141624
2001-01-31,2.0541397055606043,14.572840618633036,-9.67061820747472,38.60788113302403
2001-02-01,1.8754661695962769,13.605325697875099,-11.328736313749276,39.137094387661165
2001-02-02,2.606736726720575,12.71637501284823,-13.010478361346939,40.25927870178625
2001-02-03,1.0478282671349257,12.69639658846832,-12.368495850202507,40.502146424392315
2001-02-04,1.3491669442032181,12.960785255574436,-13.620181177282653,40.21059693218074
2001-02-05,1.3195819973840852,10.40663948949407,-13.359092301926054,38.584638212740764
2001-02-06,1.0787383883691615,9.489998189652502,-12.681029317691348,39.312322338971526
2001-02-07,0.47243918742571256,10.958697321630448,-13.049883807856048,39.253645435894775
2001-02-08,0.38054582928438135,12.13799775869315,-12.171414908796423,41.414875155383335
2001-02-09,-1.0399243630880244,11.604369905232097,-11.324627675536423,41.760874535361545
2001-02-10,1.0097890074310658,10.963865859194122,-10.827409800407553,40.7919512314221
2001-02-11,1.3189948947398826,10.503699504093563,-10.151622553384742,40.05618363057112
2001-02-12,1.7572420096275154,13.250085763536767,-11.835261679101308,39.07265370528905
2001-02-13,1.3019250143102312,12.376361421435803,-11.654776676372443,40.21972425347729
2001-02-14,1.7285260121026935,11.541543483560142,-11.598652556512903,40.6756495059076
2001-02-15,1.3639253783582954,10.581244765213654,-10.92787359832525,38.80273068523363
2001-02-16,2.911075863900271,10.081577504144748,-10.509676461464947,40.61922776011118
2001-02-17,2.542652404387327,12.006855494140773,-11.424726902502831,42.090348750034394
2001-02-18,2.2674261878395425,13.66704946706103,-11.98509460560118,41.70843396521027
2001-02-19,4.231797245171786,13.318837356810702,-12.237986001769784,43.168867345531126
2001-02-20,3.4871963657977485,15.074056465269003,-11.599284958727319,42.19989352951031
2001-02-21,2.466848533041222,14.73529136922948,-9.892710530382814,42.53339609400239
2001-02-22,2.4396230725906114,15.497921670405347,-12.39041224754158,41.88267269150965
2001-02-23,0.9879112001284118,15.724122088046235,-13.129534999954501,41.99777146562522
2001-02-24,0.6033440403491932,18.17031483782774,-13.173334287148222,41.35185893670676
2001-02-25,0.44576158909041497,16.577203772718995,-13.69696534485715,42.304491082171715
2001-02-26,-0.2573641393032138,14.364201512695242,-12.953768092317002,41.72485081743145
2001-02-27,0.1411751656291847,13.599259280102421,-12.109345030654854,43.3702153815893
2001-02-28,1.0021773230816646,12.703444265429148,-10.24348780030512,43.85788798596636
2001-03-01,2.174612695079171,10.812297246816279,-10.269678305807384,43.340713943227335
2001-03-02,2.8479808231945993,10.096093432492285,-13.209427325051799,44.48960189377748
2001-03-03,2.470478732203147,9.323882698851902,-12.385867274046003,44.31966741227746
2001-03-04,2.0337801081947364,9.517744652194935,-10.201342218131295,43.6618842096993
2001-03-05,2.2368110682824116,8.136949430880609,-9.6122575950072,44.55606940002467
2001-03-06,2.834178946426754,6.679088672314364,-10.061600744645796,45.756572885381246
2001-03-07,1.7045721796142492,7.358801919432219,-9.950698795218207,46.09815814026468
2001-03-08,2.782113489420697,6.608889753721441,-10.56731343934265,45.81509254093281
2001-03-09,3.4443456347924566,5.503023817051553,-13.73721752212373,45.6301606367563
2001-03-10,3.9996003703348757,3.0029772807439374,-14.991291794844942,45.454774772613035
2001-03-11,4.179088193995701,4.18861473366655,-11.953914133824874,45.201611512521424
2001-03-12,3.4886067030342405,2.2086869330169057,-10.21783048978262,44.54317497079677
2001-03-13,2.1406617935316254,3.453180385730313,-8.1746466785555,45.29223040217549
2001-03-14,2.0089071878481146,1.3391192857246268,-8.773272848645544,46.74957231073923
2001-03-15,2.324530627454033,2.1612186578108052,-7.336448799947251,45.914530453436
2001-03-16,0.7293538945955722,1.6117144766457139,-6.82202734512067,45.86027967853605
2001-03-17,1.6555220550715273,3.1682836935615954,-6.134725002563476,46.58554552966511
2001-03-18,1.0236889186270552,1.9271084376667635,-6.543952238250415,46.77225426162856
2001-03-19,2.6078945190716407,1.8418740643170406,-5.419143618112475,47.64395063172246
2001-03-20,2.7190769743946355,-0.24813888857633404,-4.448464650266879,47.330449722515624
2001-03-21,2.1622335822116105,1.0360463058433844,-4.403036619968022,48.496339221976875
2001-03-22,-1.2388579078818678,1.8610599633477203,-4.500763689674127,48.97773972753622
2001-03-23,-0.38424262022555356,3.545830132847196,-3.1581205169936224,47.382459850773984
2001-03-24,-1.4556352987163121,5.76331264688838,-3.835354805622386,47.54394873162218
2001-03-25,-1.5964759445325958,4.422986195525981,-4.992372729927072,48.78055916794722
2001-03-26,-1.4214398042723202,2.979099795097028,-4.107057587152333,50.89870229394456
2001-03-27,-1.6383707555742688,3.0116555195958177,-3.355096804749986,49.99553341041194
2001-03-28,-1.3968089176636422,2.157299388337347,-3.6563126844871174,49.497056928989025
2001-03-29,-1.612489712240466,2.348128980217513,-3.7511224464564323,49.76431016482506
2001-03-30,-2.2277316028459664,2.897002804233516,-3.4715640828910357,50.44054332218204
2001-03-31,-3.0898773552532774,2.3951497540442332,-2.4293862571069917,49.45485858840318
2001-04-01,-2.7734341852642572,1.808875570736006,0.11498856064021235,50.18079965881676
2001-04-02,-1.83922781006919,2.5441667282229865,2.204421186078835,49.45410441092574
2001-04-03,-1.4262044332681325,1.248085261396633,2.2654037678948624,47.82574935053726
2001-04-04,-2.867961714228133,2.779289078561759,1.252220651701056,46.639311886117916
2001-04-05,-3.639443776903012,2.292955465931359,2.6630089950692954,46.68760185492976
2001-04-06,-5.210239895201981,1.8042936313245672,2.02150961888242,48.138775633094646
2001-04-07,-3.7649103787320213,1.5395742250475681,3.2568100755192964,48.03766699203598
2001-04-08,-3.5070437739734115,2.716005225679348,4.483098899531429,47.41188846134343
2001-04-09,-3.5980003433993724,3.1055133073814725,5.902960042235738,46.84120051436321
2001-04-10,-3.350216660478209,1.4189628638132488,6.169681891342002,47.52425650712392
2001-04-11,-1.6261130364504646,-0.897070358363594,5.112746772802987,48.2723606796537
2001-04-12,-1.5032222358946077,0.9959181891413909,4.030218164285915,48.07215180978074
2001-04-13,-0.911168094017035,1.9513727581312923,4.59172640361505,48.74965886084282
2001-04-14,-1.7729088404815427,1.1094551701067208,4.702537685797999,49.44620215558215
2001-04-15,-3.0472405111332925,1.302491614891752,3.837723399819308,48.130056859703096
2001-04-16,-4.112510686252779,0.05808193717509913,3.212426809474274,50.63267357037938
2001-04-17,-4.021145310692828,0.30446184034256457,4.94247036046158,51.792940702635136
2001-04-18,-2.5030850012335133,-0.32481242754446354,5.539910671768296,51.24269748200846
2001-04-19,-3.3767220165874696,0.8814488200326012,6.011441446374825,50.975141339105
2001-04-20,-4.6772312217713035,0.9628444051005023,6.037584500678716,51.11639482871713
2001-04-21,-3.726126655399466,0.7104166847070447,5.267008091443384,52.44749559229835
2001-04-22,-4.087906852364961,1.0556824832125542,7.386572248709498,52.60813168960929
2001-04-23,-4.605104710461884,2.2498819799781113,7.650745878213313,50.92423015016467
2001-04-24,-4.591767442122707,1.78687231723003,7.974147305984936,49.78008377241732
2001-04-25,-5.29551063456724,0.26915992616055373,6.795038139373375,51.696967480894806
2001-04-26,-7.144790022147664,0.6215784143149333,5.081003045941927,50.408871408193164
2001-04-27,-8.097686102289092,2.1271046427219935,5.702395189184033,49.63498174940213
2001-04-28,-6.555146007612879,2.4711436276615313,5.399520200369262,49.130680165808386
2001-04-29,-7.894350962273855,2.565527498690027,3.9996301963137824,48.67092931789144
2001-04-30,-9.857982351301303,1.8736215747169829,4.0553349333465665,49.66909777411369
2001-05-01,-9.269021408741704,2.9732328203664293,3.600989475654324,50.29231569846211
2001-05-02,-9.060309808069222,0.8351565445974418,3.890757386024046,49.30327565357147
2001-05-03,-9.342472660314595,0.8020778291911467,4.448599457841679,48.12242543375146
2001-05-04,-9.433738979742795,1.0214016231223388,3.8412538229881403,47.30763178908248
2001-05-05,-10.673784025699081,1.3532380784409888,2.5452792027187305,46.80688561045511
2001-05-06,-8.69298766197424,0.19299517791395338,2.5186941051609493,45.92449147109455
2001-05-07,-9.26555529670506,0.411515291926719,3.9615453325450476,46.927781767337265
2001-05-08,-10.413004153074475,0.21090744187183808,1.9636089307362417,48.61385063589221
2001-05-09,-10.578967594486214,0.7302677250953291,1.2024212702878507,48.948381015543625
2001-05-10,-11.736977182740215,1.6683574813792812,0.5975362005325466,48.697849204680644
2001-05-11,-12.737701191790638,3.9491238412033156,-1.3474589898447469,47.80583853391947
2001-05-12,-12.925485273795294,2.8633098669142623,-1.963738379364852,47.86924412623007
2001-05-13,-13.517159893861304,2.4585846897386237,-2.477035633972731,46.92396360276517
2001-05-14,-14.390701877957563,3.0155572134342865,-1.9259326530198533,45.7772539057177
2001-05-15,-12.646624032318101,3.8053275802096733,-2.80628162779886,45.29815260679995
2001-05-16,-13.317354728216907,4.3787955423268,-1.6187365764464918,45.86217674805718
2001-05-17,-14.80912807839156,5.365030320793382,0.06339488992246656,45.23375529463626
2001-05-18,-14.811172734782824,5.1633264108471995,0.3373412018206463,46.70290157113885
2001-05-19,-15.165913410645516,5.640856434462701,0.08953312895333121,47.00457163497756
2001-05-20,-14.227263456478804,6.328224723937172,-0.5105977901051011,48.82899243713382
2001-05-21,-15.718745390687642,7.036566826711991,1.028284167454553,47.88846884329238
2001-05-22,-14.845978627806216,7.998965758792872,0.4784137044373258,48.66895269536373
2001-05-23,-15.188826691471032,10.48613417060402,-0.08960716633759813,48.21274784577486
2001-05-24,-14.014581940083234,10.490178022030708,-0.05618700997212181,47.90356789324289
2001-05-25,-12.889705512007172,11.411017410404222,1.1007056278172274,46.80666378144263
2001-05-26,-11.76072747267444,12.87197264238429,0.6185889481862902,47.20618195918253
2001-05-27,-12.639129535318776,14.057003684419257,0.08621745491823052,47.91891496970982
2001-05-28,-12.198528142232647,14.277138933626407,-0.8374091513243055,49.09219071445545
2001-05-29,-11.153398502577392,15.680908437761907,-1.3379804650045521,47.680228464251336
2001-05-30,-11.034094914697036,17.738210985132596,-0.38898951673851645,46.94961276454377
2001-05-31,-12.271084835996257,14.495219380456623,0.15755399827284822,46.29644343519155
2001-06-01,-13.068515139314464,14.898706214893384,-0.8595727443221144,46.178279804023354
2001-06-02,-11.866589048123764,14.640788204454129,0.12153311535293754,46.34927323290245
2001-06-03,-12.992349152483737,17.33009421577774,0.3087828775550152,45.78345061391502
2001-06-04,-13.150741057670283,16.91753396978576,0.22151171096080155,47.72669148745966
2001-06-05,-12.375434316084895,18.27823621645924,3.5881006453123865,48.94481965261555
2001-06-06,-12.23587124247647,18.18142389162868,3.4042413110014,47.79764236296338
2001-06-07,-12.759578485529273,18.53714736302256,3.943726291835168,47.98502304862421
2001-06-08,-14.23036688487047,18.563665294504748,4.447368870874938,48.08483513822871
2001-06-09,-15.842676175918298,18.1305756342147,4.91266652361958,49.56121221576231
2001-06-10,-15.71282362275776,16.95391043904276,4.820179581960057,50.47005493291031
2001-06-11,-17.55339502024281,19.2871996094825,5.427441853525284,49.69987773792595
2001-06-12,-18.337630112977145,19.05205748654127,7.249910474512926,49.78403662315768
2001-06-13,-20.642618186921492,19.376865967093682,5.203455862582,49.08878224567678
2001-06-14,-22.653485619794658,19.352344191341754,6.217264969027954,49.03076815765788
2001-06-15,-24.272251220818074,17.708324904050613,6.43628623387464,49.59453313972556
2001-06-16,-24.433696252584816,19.073589093887616,8.19124692469347,48.92249669863007
2001-06-17,-24.51495419601456,21.453594550612937,8.05638400967483,50.60284217362053
2001-06-18,-25.546811016591477,21.610508123623333,8.85771867116667,49.43766886108597
2001-06-19,-25.309691388602744,20.515718352338588,8.572886392188213,49.45765296752052
2001-06-20,-26.70125252359012,20.672165961279994,8.902515712349624,46.95532850520338
2001-06-21,-27.388596206192904,19.550149782875618,8.10397556586208,47.29407561390887
2001-06-22,-28.48288655690282,20.18165515790826,7.623843676970161,46.317056247704315
2001-06-23,-28.641779079812387,20.112848965517713,6.323971279847913,46.751691054683626
2001-06-24,-27.4057641272822,19.587650434595094,5.6729264528601595,46.222921590458284
2001-06-25,-27.168696786605246,18.703400410289976,6.172273975892628,44.50295220722694
2001-06-26,-26.54643275270924,17.7544369543546,5.865239664896107,46.27949365642147
2001-06-27,-26.040017893162247,17.24881196782128,4.5838776816057045,46.0982179795495
2001-06-28,-26.26134244012414,16.511558858263292,3.8332942905459255,47.04792707426044
2001-06-29,-25.953976294021512,18.769198845156996,4.003150398991851,48.763899796482775
2001-06-30,-25.397954991848227,18.35558871843125,3.9558888801634766,49.241291135558214
2001-07-01,-27.30104623107125,18.023617656580882,4.72590246105471,48.26275068143417
2001-07-02,-26.556218140741336,19.47427593054605,2.8687525280047543,49.17887233666317
2001-07-03,-27.846497866412253,18.753274949415847,2.5657751460055374,50.57972260606145
2001-07-04,-27.335023466610178,18.246651172565205,2.436382691441266,50.478137913438204
2001-07-05,-27.941525020056858,20.06326062743164,2.613490246350847,51.44301804684779
2001-07-06,-26.944375722246825,19.5331722437569,3.484052171097626,50.885043913253234
2001-07-07,-27.582106946936108,18.860109555545705,3.263242792048387,51.8676164199454
2001-07-08,-26.769506342211155,20.55005734436287,1.4028494838394225,52.26448031582242
2001-07-09,-25.944031294338213,21.458608808495505,0.6496419259815299,52.012115918586154
2001-07-10,-26.229234262966102,21.85875423853172,-0.08308928779023095,50.87619454514969
2001-07-11,-26.79849234855649,21.928567332947477,-2.183021458104478,50.61932581052156
2001-07-12,-25.188558140237554,21.818781838055735,-2.530651556740868,51.4096510171474
2001-07-13,-25.58570148058791,21.566724449352986,-1.3319034251219704,52.03056834014066
2001-07-14,-26.178615555672486,22.168587575909065,1.0219509288571424,52.342464162810856
2001-07-15,-25.795845562704482,21.851670520416892,0.4120728076273672,52.21786766418292
2001-07-16,-26.195804076219233,22.911913580486843,0.7120708383137249,54.46574889156539
2001-07-17,-26.755993728077435,21.627216353268416,1.9839494747202973,53.17551916453351
2001-07-18,-26.357879297419995,21.35733583569946,-0.3508885595235789,52.22849921883134
2001-07-19,-26.828959890483134,23.087829947542893,0.1919092678889307,50.955112673333716
2001-07-20,-26.263706986783674,23.956973547447078,-0.6598818193471406,51.561011438243725
2001-07-21,-25.837848924169478,24.133705653709512,1.3338945040974992,51.178212327883685
2001-07-22,-25.461526415864906,23.95362277416245,2.4515685619733203,51.16966892840606
2001-07-23,-25.40734211593002,26.128154136103593,2.8005540220678995,51.24862153094721
2001-07-24,-25.09145292318966,25.511773617940012,2.523925711079004,52.05225567622887
2001-07-25,-24.57702654582131,24.520868199118443,2.2860508845230263,51.940375218159566
2001-07-26,-22.62735339422871,25.89691463407081,4.218739007850678,51.69838361178924
2001-07-27,-22.937952466826086,26.980957576107052,4.720878190923036,52.67492368481173
2001-07-28,-23.330604398617787,28.284102125116544,4.310669295123534,52.61621501435884
2001-07-29,-23.354139675046262,28.82479037744654,5.462139203183325,53.93594532278177
2001-07-30,-24.47849823395462,28.116842787338623,2.9865352834590855,54.494719070909916
2001-07-31,-25.967379175220948,28.75255488477365,1.920784315678605,52.98090335764396
2001-08-01,-24.91630340445333,28.095030621488437,2.437038558621396,53.05871489640505
2001-08-02,-24.601165847446996,29.2364132884123,2.3519270065280162,53.65968659207645
2001-08-03,-23.339889441781192,27.222782411776517,3.7471179270941706,55.363488546225724
2001-08-04,-24.33598426467989,27.34591336016292,3.3531830904091082,54.09272582777494
2001-08-05,-25.09194811487819,29.919888828685302,3.8014713991205036,53.633702306427764
2001-08-06,-25.13105756180105,30.59974682473696,3.8498907448216877,53.00116913514901
2001-08-07,-24.4021077083561,30.810251431098507,3.0000381974853294,52.80194802977357
2001-08-08,-24.262670848807318,32.10904566260908,2.0446894307977512,52.2890616049054
2001-08-09,-25.392450895840973,32.76923594132039,3.101375404640328,51.26882482299914
2001-08-10,-26.16364157600625,31.727967144932602,3.933174049494021,51.20934925774314
2001-08-11,-25.549626161598763,32.161223426247396,2.646569385129223,51.48686087589765
2001-08-12,-25.096275923314934,33.2272498890052,0.5287706188215635,51.20904972422255
2001-08-13,-24.765068444064735,32.65637672870062,-0.4440251036999995,50.534834966878705
2001-08-14,-25.49963993359539,31.93985212871436,-0.9290194639496996,50.15858379264299
2001-08-15,-23.7984292186366,31.486956182248196,-1.5337205812881707,50.75626407917672
2001-08-16,-24.283460415846815,31.345686232409932,-1.8495855477673948,50.646224783590554
2001-08-17,-22.564519379623512,30.96927716267528,-2.501107505142011,48.9416609308821
2001-08-18,-23.66474593845859,30.594806939716605,-3.5203042645598996,50.33608341332368
2001-08-19,-23.30012219708955,30.64661463427972,-2.809878325370068,49.69260457028008
2001-08-20,-23.83680216595965,30.234853815063317,-3.592583828809368,48.78485917225785
2001-08-21,-23.102748695993984,31.01049597653125,-3.3960534392845676,49.43276022486565
2001-08-22,-23.26598191420215,30.819830219194692,-3.987352054196714,47.12945561539608
2001-08-23,-24.290364545772196,30.591161571498482,-3.597080013039709,47.65186916533007
2001-08-24,-23.91356952606357,29.641797723646334,-2.991819936846666,47.68740247656094
2001-08-25,-23.450348025417497,29.572161598009753,-3.654904219897326,45.924739172688426
2001-08-26,-23.071074992604828,31.476568867641266,-4.522176742859586,46.78760710870024
2001-08-27,-23.239808435454115,32.85101228405592,-5.874616782107495,46.955854210629724
2001-08-28,-23.019286423142407,32.69981623977106,-7.081858415769018,46.81612863294293
2001-08-29,-22.415729701043503,31.20954666343063,-6.736882952954863,45.223202280753185
2001-08-30,-21.681783875373814,32.76164270489147,-6.376039616464809,44.85127224593943
2001-08-31,-22.521214246348485,34.02362045233374,-5.6959154807183765,43.11454143732224
2001-09-01,-23.71148253815568,33.59496203928948,-5.586070908043817,43.06018322568117
2001-09-02,-24.885998510645233,32.9721809127042,-4.765506753646102,44.38284696635319
2001-09-03,-25.080975089470428,32.883120945882624,-7.133456259271155,44.87193692865432
2001-09-04,-25.91843982264464,34.31191608062196,-7.303991437268797,45.19340735864689
2001-09-05,-26.55005618001016,34.399424224171206,-7.676133695815959,45.60867679110763
2001-09-06,-26.50961109434225,33.0495625794032,-8.053198294416147,46.18155626045721
2001-09-07,-26.91770838234125,32.42264929871464,-7.866150993546314,45.47202003508924
2001-09-08,-27.426656048719835,33.32388934533334,-7.032452002029054,44.69339958828396
2001-09-09,-27.253852579304507,33.776774877336514,-6.347899844588664,43.21145671920184
2001-09-10,-27.045719840400867,33.362032719165384,-6.60440098371814,43.46804319880954
2001-09-11,-28.96633751971833,32.8509475972233,-6.431308259816329,42.79521259181651
2001-09-12,-28.86029515455462,33.83174231042137,-6.192603108253068,41.61610750072702
2001-09-13,-30.777551275962175,31.21743940233685,-6.890139846680713,41.045854338188384
2001-09-14,-29.046855315610586,30.97040515427401,-6.382902624221782,41.83187490292969
2001-09-15,-29.10463965138826,29.81192061260623,-7.109632239955631,42.62586724624749
2001-09-16,-30.135931084361424,29.888802615931933,-7.561073986783365,42.04582392755566
2001-09-17,-30.482111323605316,29.899107649188274,-6.466070910316548,43.11841845759404
2001-09-18,-30.998623566309853,27.658274594205157,-6.328517992497984,43.01054125882774
2001-09-19,-30.487937359208082,28.40008993339377,-7.7161014830629195,45.036854612851315
2001-09-20,-28.85243858286015,28.981008610659448,-6.2484124046708125,44.058093107454205
2001-09-21,-29.261184916004527,29.437160574845844,-6.317624728954471,44.268132747098406
2001-09-22,-29.958301224537422,29.515584077280792,-4.928017184349151,43.25245269220904
2001-09-23,-31.550991864605635,28.733179733434103,-4.407628294768367,43.59158203016037
2001-09-24,-30.660136754932328,28.8707556373074,-4.830522387227755,42.77695520647394
2001-09-25,-31.86532981557833,29.567270167705814,-4.470022579076083,42.979385260465385
2001-09-26,-33.435455804109786,29.524088140522725,-5.019466794908832,41.17153725014719
2001-09-27,-32.96523955275634,28.595650744721283,-4.7870049346469274,41.61028385555117
2001-09-28,-32.34412211475688,29.188604489836262,-5.104871488093105,40.011221099773145
2001-09-29,-31.402143078020814,29.888363000665223,-5.151986637073036,42.38673823041443
2001-09-30,-32.24551794506142,29.79467451012171,-4.602692948649657,42.294882409804586
2001-10-01,-33.915309739070736,30.61334506102667,-4.208252943176663,42.139007158338075
2001-10-02,-33.662126257697196,33.16518064988221,-6.41302457099108,40.61053134224312
2001-10-03,-32.186856705474874,34.29939565992621,-5.1732483798222075,41.078744290832994
2001-10-04,-31.51313046414601,34.060729779503276,-6.357086662979601,39.79382227856858
2001-10-05,-30.86062915121109,32.570590552863536,-4.921169283116628,39.23419177294117
2001-10-06,-30.7065813090231,32.13440124550758,-5.716298729894421,39.34461626617481
2001-10-07,-29.889311128762127,31.54795820634366,-4.047179612369494,39.65043077350798
2001-10-08,-31.187497607180042,32.7789651838806,-4.24555555508071,40.18292045110406
2001-10-09,-30.568233602639292,32.360300514864356,-5.187901706240454,40.144511656389
2001-10-10,-29.476599304768367,34.003443803773855,-5.732667431331476,40.277492484579916
2001-10-11,-28.58531453565343,34.97172260709772,-6.050518288456234,38.285288464535085
2001-10-12,-31.09298796329208,36.410267411270794,-7.727970560580713,39.81412787569334
2001-10-13,-30.893843286317047,38.246273859211485,-8.222786855779034,39.42009490632017
2001-10-14,-30.495511028260353,39.32969300289959,-7.152957613466053,38.79759184833441
2001-10-15,-30.421329221192316,39.95283968677891,-4.817166432756295,38.6710028001696
2001-10-16,-30.644899664000874,39.28273766930182,-5.292981793677991,38.43322327023849
2001-10-17,-31.044268463512548,40.31042046594717,-3.798286633554825,38.76566320402108
2001-10-18,-30.585101509569366,40.15211809218603,-6.398118246460902,38.79882508349497
2001-10-19,-30.21119213266257,39.51125004523492,-6.879124270801608,38.87297525111752
2001-10-20,-31.516985153275787,40.53448899586503,-5.461319002902708,38.88530502922471
2001-10-21,-30.250009597999494,39.58278471710368,-6.134363699352918,38.0186770139758
2001-10-22,-29.7623761226099,39.2576692744909,-6.8030357684624825,37.55840898645791
2001-10-23,-30.596953757178692,40.67798450902197,-6.850453594082247,38.720243309902045
2001-10-24,-29.83151705795395,39.078734892936126,-7.155279380357792,39.05643782239959
2001-10-25,-31.380030738139336,38.68979100004708,-7.4504697877447,37.62793866082778
2001-10-26,-30.1858946561161,38.66669336568285,-7.632428637991252,37.76469691376324
2001-10-27,-29.026290282294447,39.043014625966265,-7.748968969001358,38.825616437711105
2001-10-28,-29.700742816174987,37.51091456910176,-6.531790990827408,40.71846199751517
2001-10-29,-29.843987715474956,37.53463472393122,-6.555917502537002,42.327760211953425
2001-10-30,-29.20245018963501,36.981812983018216,-5.461808496448926,42.89160483865722
2001-10-31,-29.98468242123761,38.739253531043886,-5.853854293591575,44.507591357372256
2001-11-01,-29.944322742347634,38.587806596090815,-4.224251756001688,44.17777855696864
2001-11-02,-30.584405492242595,39.10998621984017,-5.377498592036089,43.77163697868213
2001-11-03,-31.190853678822553,38.15174182696563,-6.423158849074332,42.92778035646722
2001-11-04,-30.220054582276536,39.32567490547027,-6.135719703179195,41.4579135382859
2001-11-05,-28.441216116794603,40.20264274678348,-5.4278804586995015,39.88079866214525
2001-11-06,-28.824459712941607,39.790086249388,-4.652684889862945,39.61777010858544
2001-11-07,-28.21738467237801,38.60140944883387,-5.567498356459193,37.989580385681
2001-11-08,-27.56949730924897,38.45700452321267,-4.904889643085922,38.65257875305793
2001-11-09,-28.172156862664803,37.491943803116875,-4.173431444347971,39.27845212252561
2001-11-10,-28.925612248048814,38.65296580396448,-5.013213558369925,37.75325827321529
2001-11-11,-28.41742476505744,38.74338729650762,-6.2009038288500005,37.003098290087
2001-11-12,-27.581799018663748,38.45803573624357,-6.434503341966882,37.81246272672703
2001-11-13,-26.625997971087763,39.50601420259975,-7.203632666685556,38.75067011172556
2001-11-14,-25.602063782194488,38.10398310429309,-6.884296910908399,38.77639636134511
2001-11-15,-24.590299579358433,36.29733545865905,-6.611362737898267,37.44668222951935
2001-11-16,-24.704839492856674,35.640769263124255,-7.011005776980208,37.7479869911939
2001-11-17,-24.96691236272629,35.85737607829723,-7.407057586970875,38.01595176987276
2001-11-18,-24.229682734584504,36.64433079669619,-8.683998437090306,37.564819762392894
2001-11-19,-24.429380545974514,37.13370751198551,-8.17790205797792,37.98826486483037
2001-11-20,-25.31050380935081,36.13537245974699,-7.3062854021970995,37.506079864876625
2001-11-21,-25.527251340676077,34.77852018012634,-8.267933246118472,38.69834273906162
2001-11-22,-25.62191786660361,35.58299822723413,-7.728127010441278,37.41495323293958
2001-11-23,-25.302307384584292,35.13072066770392,-9.038610273055843,39.018736840331606
2001-11-24,-25.307657551053705,36.34597629019166,-10.044489916137929,38.043556375650326
2001-11-25,-25.48657411470643,36.8458564122003,-9.586319477769736,38.46758467699644
2001-11-26,-26.64688745771469,36.71065316593635,-9.826898910814684,38.85878914257446
2001-11-27,-27.90985758616582,37.833945647842704,-9.697654085061952,39.272114532689315
2001-11-28,-26.9729473309025,38.37783779078616,-8.638628344177437,40.073318177139136
2001-11-29,-26.909637473442043,39.960703879628724,-9.244725107380033,39.9558957705425
2001-11-30,-25.6533001048597,38.53581338651229,-10.28663105269146,39.765622690264905
2001-12-01,-22.97860962548952,38.130630312671194,-9.97880708845027,39.38460251131913
2001-12-02,-22.257493824828337,37.81400195510377,-9.355162703513212,38.76397975898172
2001-12-03,-21.552092180913828,37.7242641965072,-8.066073975624686,39.73437671081351
2001-12-04,-20.006273376961097,37.43309429130992,-9.51043566553793,38.74822258144383
2001-12-05,-20.917870663251023,36.942926125810075,-8.46045733828338,38.28117494306392
2001-12-06,-19.45740990653835,36.73063703785124,-8.149432665050492,39.27595457184619
2001-12-07,-17.734351134226525,36.26901316722149,-8.762388343847793,37.76638362983609
2001-12-08,-16.68636925801063,36.207016859907846,-9.029887412881516,37.71027498153618
2001-12-09,-17.864845570650036,37.23250270050755,-10.472060830495055,37.174680475045086
2001-12-10,-17.126800549682986,37.28778146497149,-11.595891076218287,36.45819242133301
2001-12-11,-15.469099510634257,37.805657615088954,-12.079775807936795,36.19660527426984
2001-12-12,-16.316828349159643,38.98444377226188,-11.715244227261925,38.10835386473809
2001-12-13,-16.097269891641712,37.15271508384285,-12.242860159216571,38.166874278209875
2001-12-14,-16.08869690532811,36.53838486294658,-13.76929006833449,39.07065101758253
2001-12-15,-15.68847296331141,32.68730946007148,-13.416199181016491,38.87991925686674
2001-12-16,-16.263624976025465,31.831405709371996,-13.733979269182198,40.042919137583404
2001-12-17,-16.191968552667817,31.861096494117202,-15.21161905488507,38.96119687772334
2001-12-18,-17.06174034700241,32.0197793742379,-14.716057665030377,38.34335120784776
2001-12-19,-16.890474330362196,32.67201657940442,-14.812863286138615,38.88697783288721
2001-12-20,-15.860901162758406,32.3364103537908,-13.58977144889187,41.173961631876644
2001-12-21,-16.258655475168233,31.411946656906622,-13.40950654630369,40.57641189964365
2001-12-22,-15.212296310877383,32.136284827119795,-12.587124327766112,40.774480969620456
2001-12-23,-14.89695565411157,32.31276174068554,-13.046998022744486,39.29005352907876
2001-12-24,-14.55969407362051,31.70078596911713,-14.022100840062631,37.53806552230525
2001-12-25,-15.978097305861587,31.71257809619172,-13.195446391173157,37.79975812660606
2001-12-26,-15.264047855502696,31.309870963965672,-12.202402545815985,38.03455077241566
2001-12-27,-14.69911727347691,33.13540003050905,-12.387229749486979,38.343302215243
2001-12-28,-13.994363530884264,33.56012846721999,-11.48607238936397,37.732875868930535
2001-12-29,-13.629207419057291,33.42592486786582,-11.97807547460421,37.19132400963031
2001-12-30,-14.753896065218497,33.05934944220066,-10.980567785860519,37.439640853279414
2001-12-31,-15.513784249585495,31.596620218745823,-13.353632719252634,37.162398344049905
2002-01-01,-15.58476110746384,31.511006650104964,-12.746518009227266,37.18057058449117
2002-01-02,-16.974932352340257,30.745438924314445,-12.571980453369665,36.716022325555805
2002-01-03,-18.716030439641038,31.442860043760735,-11.755659209053489,35.569938706497965
2002-01-04,-20.04114828821148,31.457268761898746,-9.540743254455657,35.18433381030673
2002-01-05,-21.507986380069273,31.328797379774223,-9.844674056303484,34.09846976310136
2002-01-06,-22.36563274955492,31.419070489508897,-9.794669808901293,33.52704411245204
2002-01-07,-22.176023199885492,30.597021962656143,-10.259404863362041,33.074547444076
2002-01-08,-23.02825064307468,31.11536322461992,-9.41226069689628,34.21432068266008
2002-01-09,-22.946090253714946,30.823229373537114,-9.083897560068339,33.239479829089056
2002-01-10,-23.23429508009069,31.25280441870581,-9.362959982255399,32.74821630794965
2002-01-11,-24.360602057055758,32.3108974649145,-10.511013777690277,34.94511262884792
2002-01-12,-25.117596352289933,31.902353237526228,-10.092750062012215,34.6870641189977
2002-01-13,-24.555643770920305,30.025569857303505,-11.687292650057419,34.98170189591391
2002-01-14,-24.872004787773598,31.888591009203985,-12.843796721583157,34.112867314416874
2002-01-15,-23.841913424717745,32.01164198940664,-13.499254659195955,33.30611952165335
2002-01-16,-23.249201520525038,31.061306485870265,-13.972618666427728,32.42278938814504
2002-01-17,-23.803641056218844,30.99583548021829,-13.517542750458933,34.19625669382106
2002-01-18,-24.613009851550366,30.582449391138784,-13.075664809278642,34.61831573452251
2002-01-19,-24.71862733142997,32.053626612970824,-12.003543611503906,36.639869467676746
2002-01-20,-24.73437740776878,32.51059346488514,-11.136513775520001,36.13075976138423
2002-01-21,-24.85862784297811,31.68703872183496,-11.809719323631246,35.00684893920712
2002-01-22,-24.410061461468775,31.01385950393245,-14.384173429185626,34.48315149374062
2002-01-23,-24.201187133503,30.37374311579303,-15.087602038074824,33.764777377419705
2002-01-24,-23.668212596163364,29.421199131952054,-13.571911480577244,33.36055858962588
2002-01-25,-21.965266528288062,28.749423632097034,-14.378008549519976,33.68458763894776
2002-01-26,-20.119865655520755,29.3632971279444,-12.986207736662521,33.80196565012976
2002-01-27,-21.38304894394689,27.909935764042643,-12.38761482691005,33.51899231944894
2002-01-28,-22.377652385017065,27.601345001739205,-11.95497537439246,34.699230145751585
2002-01-29,-22.53462089202162,28.249360965318516,-12.31111217102774,34.1830812542131
2002-01-30,-24.275097733310098,29.249565826704234,-12.818970619204123,34.47231964560849
2002-01-31,-24.510057366286983,28.050945426084716,-11.299892318834274,33.780008184042366
2002-02-01,-26.817017887051463,28.077078115893883,-12.357699229850246,32.985173383539035
2002-02-02,-25.692037957905445,27.08348067846267,-11.761963737263065,32.501356169679056
2002-02-03,-26.081918644927256,27.007432146132718,-12.289378101368213,32.71499801030774
2002-02-04,-26.391783753984193,26.298520549155405,-11.95279825379124,32.1980624904325
2002-02-05,-25.978289337604565,26.024576939698647,-11.09052522629783,32.97572966291671
2002-02-06,-25.685872964899925,25.460052767876093,-11.051397191863723,32.87268981067129
2002-02-07,-26.29601580005077,23.30305235403033,-10.635765679319634,33.82966367580698
2002-02-08,-25.87868246917434,22.462994762733874,-9.345068908391617,33.346596011897866
2002-02-09,-24.686851245566398,24.512901048639065,-7.992127862759471,30.513055302281508
2002-02-10,-24.91383491656552,24.305358697924422,-8.1667035114547,30.041263254986337
2002-02-11,-24.679709103940585,23.223717008363018,-7.7888035553550035,30.906759827504047
2002-02-12,-24.568475980301777,22.09266324509295,-6.361580328255095,30.202564486466226
2002-02-13,-22.661762515559413,23.341795727336574,-5.890067481073342,30.590390699024642
2002-02-14,-23.25634750077409,21.59047587639065,-7.477025241444817,29.967544822324992
2002-02-15,-25.740850232170022,22.538668052739716,-7.963576491750633,28.7521721832512
2002-02-16,-25.21105238549662,21.765635375232375,-7.918510226657227,28.8656201197983
2002-02-17,-24.850116288206568,22.31350819433002,-8.640085032000952,30.524039183690217
2002-02-18,-24.786812034211433,23.378024893434635,-8.734711584300232,30.06521025893875
2002-02-19,-25.35923978680926,24.17195787013363,-7.4003623239457275,28.51086029081913
2002-02-20,-25.393511698889014,23.002266439332896,-6.845262965960767,30.3873056585508
2002-02-21,-24.125878372438965,22.58078572058914,-6.851347538178444,30.900698027244715
2002-02-22,-22.97841231130185,22.806650542432386,-8.004568112328156,30.04724596697661
2002-02-23,-23.99524584421316,24.28465286822848,-8.522555384395979,29.59559541597987
2002-02-24,-24.42736390619193,22.948861442057854,-8.071825272878282,28.499580024518963
2002-02-25,-23.565288431229703,21.696885662814132,-6.796510920145465,29.14522591692088
2002-02-26,-23.2230983917366,21.858848647311145,-6.097380374940211,30.120402199703495
2002-02-27,-23.807258999220874,23.389997233195057,-6.586121876519953,31.26452311059144
2002-02-28,-23.826974111437757,23.68461247168357,-6.820475815650458,31.624266261943074
2002-03-01,-24.00612929002482,24.238116956149526,-6.539868475051728,31.703737155198247
2002-03-02,-23.606659296075563,24.155517333308268,-7.798925875831238,30.883819919800864
2002-03-03,-25.852595595123738,24.299842288329828,-8.670113614486565,30.827848666733107
2002-03-04,-27.595659566968063,25.90981583981535,-9.800804306433134,31.67148188944181
2002-03-05,-27.47620184709861,25.699515733647186,-8.075339468310274,30.339917151207224
2002-03-06,-27.365442489940207,25.469463219388704,-8.20055365815011,32.96288842759374
2002-03-07,-26.51579760169862,24.47370912749113,-8.711342828374173,34.622390786138645
2002-03-08,-28.393667188075433,23.118858989065448,-8.949071108435287,34.969770961558375
2002-03-09,-28.01847638554844,22.238016254522414,-9.261544262447792,35.01598113726981
2002-03-10,-26.569944865742002,21.59353986396059,-9.678884267551947,35.062515126374414
2002-03-11,-25.459153083009124,19.76343518659425,-11.2890411575561,33.614409524503145
2002-03-12,-25.286315807143755,19.74403057159237,-11.35768896318417,33.749547089384826
2002-03-13,-26.82931020251782,18.44975528996941,-9.749010755496208,32.62505892156165
2002-03-14,-25.557106020197853,18.904872656604805,-10.06748086144305,31.701466400807984
2002-03-15,-25.949774407911463,20.293128305382147,-10.916064465697897,32.248585395747014
2002-03-16,-24.797164528511804,17.768636630176943,-11.859140352911844,30.46605691743975
2002-03-17,-22.609950730818277,17.504327127844583,-11.716358607511795,29.81422588607892
2002-03-18,-23.86044212139829,15.627475027967222,-9.126603234760681,28.895105249771184
2002-03-19,-24.040920724728803,16.644380245775476,-10.097451993872514,26.836849454603662
2002-03-20,-24.624338543676515,17.615539978464525,-10.444710976836557,26.518238823580376
2002-03-21,-24.01393601786502,18.474029956122568,-10.237885896872093,27.389685712156357
2002-03-22,-24.885847352471693,19.391683609054727,-9.383566841685465,31.111226537885024
2002-03-23,-24.75449948848938,19.6263171773902,-7.093418861107677,33.12605546315143
2002-03-24,-23.433229831288916,19.990504158813057,-6.327751229394171,34.78576902567113
2002-03-25,-22.78030152465842,21.470374429451706,-5.772499654883525,35.02757442097839
2002-03-26,-24.00487155368852,20.843334231912163,-5.1414187600298416,35.071075523767284
2002-03-27,-23.310861472579134,20.96006379668596,-5.541656945810761,36.067111720789896
2002-03-28,-23.41574312743201,22.081484702257615,-5.359515517163609,36.53628326155382
2002-03-29,-23.859852966141453,21.16781332997249,-5.185801726088769,35.022328070992586
2002-03-30,-23.896612960509543,20.57137578990617,-6.804674149589182,35.737369726219704
2002-03-31,-24.69618748580278,19.597708697847256,-5.897275521465785,36.18244891545539
2002-04-01,-25.72005438779125,21.082581924370366,-5.934967005210046,35.517644355451374
2002-04-02,-25.0129984795695,19.85478180111388,-4.525253076511832,35.655228339688506
2002-04-03,-24.09181428280665,19.490592058771668,-5.560505147488533,36.10391995251658
2002-04-04,-25.275216682593747,19.94634443195668,-6.24791908654927,37.31598579698084
2002-04-05,-27.078070695276686,21.564316275343046,-4.64269327648085,38.43420865546244
2002-04-06,-27.266434056893306,22.530740184025177,-5.186629570119956,37.277964548642146
2002-04-07,-25.91046569230855,21.902809002861122,-7.708587548740249,36.380025428696264
2002-04-08,-25.894938505652767,22.34782302787095,-9.361598055584423,34.70811070158915
2002-04-09,-25.384715386840984,23.149003325658423,-8.961159642285516,34.375045085476955
2002-04-10,-26.48411959187166,21.85144574422617,-10.48541273965952,33.90267828756697
2002-04-11,-26.219612726680246,22.172701636997736,-9.746747776724465,32.57738630008293
2002-04-12,-26.233625590152364,22.411664121189514,-10.954199085131059,31.186454594875833
2002-04-13,-25.76659509251879,21.541364839654893,-10.619349380601872,31.491033945318325
2002-04-14,-25.157183358643053,22.36795895898779,-10.167076206418283,31.083739574935976
2002-04-15,-25.601206764642303,22.34315006465841,-9.526428990873242,30.604210045822313
2002-04-16,-26.902957618599086,21.18918414447324,-8.98880478887711,30.26680521407517
2002-04-17,-26.665880735472893,21.479766611571346,-9.792778370131566,29.892357541073714
2002-04-18,-24.925942911100172,20.851827699216773,-11.300710941222135,29.24199888618168
2002-04-19,-27.193896858114027,20.656652875790115,-12.47058259024826,30.468276478263654
2002-04-20,-26.636244243373348,19.754842504612704,-13.090609644757881,28.779824173102167
2002-04-21,-27.507308621658442,18.761123621634557,-12.3710081685956,28.205484655308496
2002-04-22,-28.513579752631923,18.16915872602915,-12.25595771664611,27.627346287815243
2002-04-23,-29.20849637085791,18.439690262263248,-12.949795774224569,27.827790216197826
2002-04-24,-30.39265315386933,16.513818745332703,-12.574049062538673,27.81903130334737
2002-04-25,-30.97207977058513,17.998711634946893,-12.01892745854935,28.034136468201492
2002-04-26,-32.379010150837885,18.174068856066633,-12.783386252903098,27.865535780928738
2002-04-27,-32.464471439820336,18.989433829902907,-12.408126030543428,29.53889526252902
2002-04-28,-31.933461889791516,19.325627573893225,-9.849391721262798,29.828589323112666
2002-04-29,-30.661572572534183,19.756180768045493,-11.325076017636407,29.269151553914703
2002-04-30,-30.73101814803613,18.630173045010643,-11.469922187404064,28.88774528382594
2002-05-01,-28.75902315405514,17.78201795100102,-12.41525604524331,29.63206924887495
2002-05-02,-29.611645519917133,18.320630232015105,-12.456890381212888,29.66995532749933
2002-05-03,-28.91772729704849,19.020923635300466,-11.555505386796442,29.81830793008676
2002-05-04,-29.134251891114832,17.99908490165037,-12.462575993001785,30.68544406642009
2002-05-05,-26.923098102219093,19.103459426163372,-12.053819232276565,30.783397097964798
2002-05-06,-28.251176299280964,17.978243184320306,-12.041126066095591,29.814495251820976
2002-05-07,-29.149162531387802,16.56611418810082,-12.384515804027217,30.340785109906783
2002-05-08,-27.808856764186785,15.9932925259277,-13.339243968294975,30.526467814301046
2002-05-09,-25.976834312271055,14.916034151250583,-13.101588385013116,31.532234675806567
2002-05-10,-26.0614712045722,14.63975917944981,-13.212102177237943,30.654787255802635
2002-05-11,-26.152259214785992,13.257224950834566,-14.333750853122368,31.37218907609362
2002-05-12,-26.1203515847683,13.080496242754657,-15.559692906587472,32.30293959141636
2002-05-13,-25.17232619923244,12.91024771183307,-16.357482938288808,32.05454533739823
2002-05-14,-25.16988770278483,12.934838593747362,-15.14123851504975,31.525593852409266
2002-05-15,-26.964353784014968,13.503254967841219,-14.865988896372716,32.49531812876522
2002-05-16,-26.740778316847198,16.258033887577405,-16.49384983924312,30.951404284431398
2002-05-17,-27.546142788030313,14.960514659073866,-17.870819396441803,29.8134016350083
2002-05-18,-27.280213406939914,14.646784505341984,-17.691519288779396,29.887485262686628
2002-05-19,-26.477492216155706,13.627873958821633,-17.739288309743007,31.437939076152507
2002-05-20,-27.353452936395687,15.065900468842933,-16.62831084705477,32.701828620566694
2002-05-21,-27.009634597148427,15.554859503018978,-17.68372917353151,32.442017845944726
2002-05-22,-27.98999137967223,16.86738158346281,-18.01217830875935,32.23300003926134
2002-05-23,-29.27623905618347,17.528520228022472,-16.3681146167432,31.55479840578335
2002-05-24,-29.682845238947124,17.98519600263228,-17.051915685502582,31.35863466852291
2002-05-25,-28.381264042640396,19.68813522489729,-16.448073883652096,31.58770327895266
2002-05-26,-26.489076235923932,20.70359614342363,-16.310149976825457,32.94679376499965
2002-05-27,-25.229446944195704,21.641127343258507,-14.739629708028332,31.563911330338314
2002-05-28,-23.252261991062433,22.687286689906102,-13.633686917030563,29.94184052285527
2002-05-29,-23.121384385461262,24.192066127932726,-14.18060229401982,30.4178603247308
2002-05-30,-23.57683807961703,24.880424646154314,-13.12662964408314,30.923615880779494
2002-05-31,-22.06234200686283,26.462832992436805,-15.220516761221086,31.773155598145124
2002-06-01,-23.311042603212663,25.357528746519684,-13.678160326217116,31.599641393299773
2002-06-02,-25.126319190879205,25.89237842618534,-13.772228135837732,32.26456917701858
2002-06-03,-26.046517070351648,27.593114150798353,-13.169906589299542,32.35704319933407
2002-06-04,-26.41925532536065,28.301157654279788,-12.001908495149795,32.47943960679848
2002-06-05,-25.75613592065163,28.98014110400268,-10.689838626782857,33.46672494093638
2002-06-06,-26.04685299127042,27.456514901378227,-11.09781315583399,35.149324108137336
2002-06-07,-26.765152700132393,26.884406705617653,-12.593125758223595,35.265407897886476
2002-06-08,-26.122143623323154,25.81615541000954,-12.698924330269223,36.37187825632672
2002-06-09,-26.156729516036734,26.97234827658568,-13.586341591669004,36.1485822584368
2002-06-10,-26.182421334559592,28.145086317161027,-12.69471622477674,37.93940209208532
2002-06-11,-25.96308994088841,28.776747114781525,-10.7694370550401,37.01404354468551
2002-06-12,-25.387001146276823,29.119307168790222,-10.38892118440408,39.234699280940966
2002-06-13,-24.816416565368687,31.287641179290787,-10.914406162819272,40.05317903932882
2002-06-14,-25.139322760351067,31.47734197315187,-9.17676087971717,38.79159843386162
2002-06-15,-25.633506430005987,31.416410395385785,-10.622767988805004,39.81441574823499
2002-06-16,-26.104108289513835,32.069467936631476,-10.314565719652423,41.70477488751276
2002-06-17,-25.93150017684487,32.12193749447551,-9.339896851335828,40.67458764135104
2002-06-18,-26.60634228481277,34.65737444231226,-10.061408117139196,41.51986896104049
2002-06-19,-26.180569615871185,34.78731367638297,-9.502260579796433,42.78438141882203
2002-06-20,-27.214656110537163,36.38120258775969,-9.171714774874296,42.171070642710035
2002-06-21,-26.21095915189306,36.09404180171609,-9.427318339501497,41.73272009753977
2002-06-22,-24.45804093936034,36.667764101888636,-9.0941724438161,42.54175071383488
2002-06-23,-23.854164080293252,34.83949236427207,-11.725093769964486,41.7643286970483
2002-06-24,-23.406883903638814,34.989859481162156,-12.909964051360644,42.58698641623019
2002-06-25,-24.184157950412246,36.618588805586384,-11.711372422768399,41.428532462780574
2002-06-26,-23.543287578698628,35.69148134845717,-11.477705581001713,41.50379678596593
2002-06-27,-23.239514846693673,35.7133892585212,-11.173961035027348,42.056825655765266
2002-06-28,-22.389802624435127,34.014940670729466,-11.605251181756586,42.12333371804562
2002-06-29,-21.28541713308237,35.49055188083203,-11.466586391405295,40.99427244979006
2002-06-30,-22.47614867075848,34.39398022416789,-12.081703200138033,41.77437546352642
2002-07-01,-22.866802962518456,35.01785501312658,-11.89442323467296,41.68791796388213
2002-07-02,-23.359176737284958,32.830008281173654,-12.506249806566526,43.17348416098139
2002-07-03,-24.309316105484644,33.948617804205966,-13.37519587147771,42.72702488068085
2002-07-04,-25.632779370909134,35.43983163194024,-13.066447567229957,41.998710368131924
2002-07-05,-24.675804030615403,36.12220785176904,-13.781574244195552,42.80803060846839
2002-07-06,-25.1516952294186,34.54558269856359,-15.203519694595592,43.00413888258142
2002-07-07,-25.14802654816665,33.524039648159366,-16.23044338489914,42.70700787579592
2002-07-08,-25.25836940447206,32.59111447977237,-16.315125108630745,42.88840122263931
2002-07-09,-25.432455930780474,32.55912396402833,-15.250067611432947,44.962870521981046
2002-07-10,-24.953012831165154,32.81986973165498,-15.927960766379789,46.02820741338767
2002-07-11,-22.865545004601543,33.10752012243573,-15.293705688554192,45.79136451772593
2002-07-12,-24.885439637606066,32.33935719711395,-15.574577016155338,45.60536436602248
2002-07-13,-25.79588328544287,32.38313505356446,-14.261652357939413,44.91464953106852
2002-07-14,-26.723631648834264,33.60311665154049,-14.229087927298755,43.467213988728346
2002-07-15,-27.707913630291944,34.71925298362255,-15.042066273448697,43.987364636292256
2002-07-16,-26.971538238660557,35.378170049390995,-13.96540342896725,44.344245821657346
2002-07-17,-25.147982799061058,36.538343934590046,-13.612983901052033,43.28158311526161
2002-07-18,-25.168978655869914,35.388967530681576,-13.129243936438392,44.49269088361868
2002-07-19,-24.967881000698686,34.859351090388046,-11.753236292229904,43.74592425374415
2002-07-20,-24.4665841313416,34.96544295477954,-11.899598208090874,43.565879594013
2002-07-21,-22.977241563292452,34.60901482553057,-10.565805115273129,43.41684821562009
2002-07-22,-24.375276776108944,32.23194685725297,-12.48831733648306,43.70651578150401
2002-07-23,-23.70522966034658,30.95635666630368,-13.104804329791946,44.027145582590386
2002-07-24,-23.076478739663663,30.997021335115246,-13.632994871105748,44.661177525553455
2002-07-25,-23.66312456430476,28.87642309726281,-13.769361979821376,43.1976253969468
2002-07-26,-24.45339546261202,28.833444083457046,-14.53229958120227,42.23802812795229
2002-07-27,-25.533114950429894,29.21786657943916,-13.189379560413595,42.36206000377044
2002-07-28,-25.609441537050618,29.651218119440692,-14.050377332522126,42.820239667630155
2002-07-29,-24.37905843005677,29.64618531198733,-13.986255361637262,43.06928629691078
2002-07-30,-25.70931483358798,30.402694306880598,-14.502303290366921,43.6079590489905
2002-07-31,-26.198787391512163,31.86036300594695,-14.181076815427472,44.326469244279366
2002-08-01,-26.21399067403937,32.84976694094235,-13.729623294866046,43.400428414652325
2002-08-02,-26.624088984415447,33.76632452691299,-14.50755921074558,44.06135258369364
2002-08-03,-26.680345415429404,34.437619590928236,-15.784281104637579,45.528206055929786
2002-08-04,-25.94440907919701,35.55949821911051,-16.01090934812963,45.974924322584926
2002-08-05,-24.509329147779326,35.58847237909902,-16.79353302493042,46.10414221688866
2002-08-06,-24.578124803217293,35.83222644894932,-16.126198432412032,47.0268777821472
2002-08-07,-24.80210756779839,35.91567490157299,-16.460757083202587,46.870908828886066
2002-08-08,-25.958134222156392,35.465633989774766,-15.85807677829038,48.22429379079936
2002-08-09,-27.595351854716775,36.07829738581733,-16.33300377607868,47.87509099920879
2002-08-10,-28.396563526246197,36.865466544761865,-15.331959787495803,46.91263995415668
2002-08-11,-28.928429951261375,36.94876665347675,-14.676398389868858,47.508737371462836
2002-08-12,-30.98965389658392,37.80227054072152,-15.247900865639284,45.28065713646185
2002-08-13,-29.611973004260626,39.115109946234384,-14.461558188296712,47.05830619978402
2002-08-14,-29.855179444381793,37.56294380292741,-15.419118672229693,46.62142823341456
2002-08-15,-31.940340411346504,39.75824938153956,-15.300444311915003,46.804026455743454
2002-08-16,-32.634529501210174,41.21627870475059,-14.263282357032903,48.126629960339734
2002-08-17,-33.110598375488784,42.7087402832328,-13.88469415122188,48.680524250029094
2002-08-18,-34.20719258062988,43.231755995242835,-13.355682924057726,48.912167579747305
2002-08-19,-32.805400968546074,44.648750390882874,-13.328601824751212,49.91902416650975
2002-08-20,-34.887621755179865,44.138574748008104,-14.362294108194371,49.823892639147985
2002-08-21,-34.71330919780944,42.615254521670934,-15.148234505126831,49.01359807107942
2002-08-22,-33.57428890835211,42.47630722271442,-14.80598162919559,50.05972831204808
2002-08-23,-31.858225196116212,41.94873409360514,-13.555053598762232,48.859742974271306
2002-08-24,-30.83928100000974,43.11013915305584,-12.975281022575103,48.80430181888963
2002-08-25,-31.674144891519063,43.308560580723125,-13.136507520177648,47.95965700288588
2002-08-26,-34.424989171922924,42.87437131315234,-13.81803387172468,49.02244389182385
2002-08-27,-33.76029192505819,43.490455280977635,-14.95289402349323,48.52994061872014
2002-08-28,-34.17829180212725,43.95375066910097,-14.683943842833548,47.558393292634804
2002-08-29,-33.0792120419479,44.07563039754205,-12.47025812512432,47.84542753731955
2002-08-30,-32.450351746092714,43.526931833700225,-11.895222392218354,47.0636509450781
2002-08-31,-32.83485174558136,43.25189897187106,-12.778538370826972,47.1629181905899
2002-09-01,-34.13987452140739,43.31871782267384,-13.87741260341977,47.009731262840965
2002-09-02,-35.41958955826512,42.40305439583856,-12.135260876733511,47.154516792476755
2002-09-03,-34.36781048349687,43.838671605447004,-12.438764846420263,46.51856694645917
2002-09-04,-33.52362302159894,44.05048954106101,-13.602003057114961,46.44905018708355
2002-09-05,-34.365338641725565,42.41503298669121,-14.506272084268213,45.57617984132846
2002-09-06,-33.93439451547888,40.68457111320586,-17.9025068291967,45.82651164423637
2002-09-07,-33.723629708923525,41.08704436114486,-19.008102352595376,45.51901633342789
2002-09-08,-33.90431925971013,41.96154102978768,-18.293728041540003,47.10131219727079
2002-09-09,-33.254561524944336,41.69378178978127,-17.27286766093637,46.314793146603336
2002-09-10,-33.966240369244616,39.91053398888482,-17.099946447510668,45.18764750085543
2002-09-11,-34.14509622572681,40.258089647454135,-17.0523065603526,43.50410406769346
2002-09-12,-34.035081930309026,38.28693609112975,-16.203420096735968,43.69227812875252
2002-09-13,-33.60406532328894,37.253538356195925,-16.185719808403896,44.35925120348586
2002-09-14,-33.088823767630984,37.28380195438024,-15.928541542944734,43.4430217921747
2002-09-15,-32.727168434420165,37.11369606167276,-15.104161704862989,41.030786487865605
2002-09-16,-31.301642711685254,36.49389788990014,-15.969412013682147,42.039474555551074
2002-09-17,-31.532492058332625,37.51819622048604,-15.021198515480018,41.248365361829926
2002-09-18,-30.575109707325726,38.37712484135544,-14.50428682695059,40.17742719645307
2002-09-19,-30.78037606620276,40.172313601292494,-15.232515223181865,41.112344810597
2002-09-20,-31.161766447335,40.440176509422905,-14.8035161618847,41.016697644768385
2002-09-21,-31.447995834230916,40.551027825552026,-16.254970620972887,40.617254106441436
2002-09-22,-31.15330713101426,41.539118990437814,-16.059600915186167,40.196773802307284
2002-09-23,-31.21664238547644,41.99342060575005,-16.92140061126867,40.15678516308467
2002-09-24,-32.82580188857815,42.62735186330631,-16.706902554960823,39.48322066755296
2002-09-25,-31.531979655003717,42.46288489854533,-15.84420361935201,38.95131687020401
2002-09-26,-31.04068875354216,40.181380633741846,-15.107547479222841,39.02425970794865
